{
  "correlation_nationale": 0.228,
  "p_value": 0.0,
  "nb_communes": 34799,
  "par_dept": {
    "01": 0.37851043344563357,
    "02": 0.32929454114432527,
    "03": 0.33729990236072127,
    "04": 0.30221393928006896,
    "05": 0.3462751461085495,
    "06": 0.5995962641361533,
    "07": 0.5081978881937678,
    "08": 0.5065544119920299,
    "09": 0.25517538119611605,
    "10": 0.4970347023200237,
    "11": 0.3578589450807933,
    "12": 0.2693736479352245,
    "13": 0.16926391907057353,
    "14": 0.44781074568254675,
    "15": 0.11425718391929404,
    "16": 0.444327330426314,
    "17": 0.4355022624932766,
    "18": 0.25910960560722684,
    "19": 0.3778754208903186,
    "21": 0.49621227506268173,
    "22": 0.265366559882252,
    "23": 0.12228289632083582,
    "24": 0.27323295442556644,
    "25": 0.4651205859425247,
    "26": 0.5136991344752655,
    "27": 0.2946402857489814,
    "28": 0.46679879313357875,
    "29": 0.3651564033318059,
    "2A": 0.27656022097468447,
    "2B": 0.05279657575917467,
    "30": 0.3708619581326162,
    "31": 0.5358948810218703,
    "32": 0.26503351045410906,
    "33": 0.23775811277635472,
    "34": 0.5024960350610224,
    "35": 0.3325162856843087,
    "36": 0.3637122749445109,
    "37": 0.33355530501403025,
    "38": 0.4301617230832805,
    "39": 0.384268246279584,
    "40": 0.40630757389170624,
    "41": 0.4040166456446939,
    "42": 0.3663558224391019,
    "43": 0.5798936885816752,
    "44": 0.16681695678424632,
    "45": 0.3812555822502487,
    "46": 0.34086477280026867,
    "47": 0.24667505925042577,
    "48": -0.02169472107212012,
    "49": 0.27772929032343274,
    "50": 0.40332268336673827,
    "51": 0.5147423894598346,
    "52": 0.39066314321018847,
    "53": 0.2991559070776479,
    "54": 0.5205350056140801,
    "55": 0.2688341105656855,
    "56": 0.32520912704578664,
    "57": 0.35008763573672036,
    "58": 0.33973934833441866,
    "59": 0.22134123301955347,
    "60": 0.2599784317973556,
    "61": 0.37103235753843317,
    "62": 0.20905367164492508,
    "63": 0.4894527974111989,
    "64": 0.39968257698233134,
    "65": 0.36544129771530703,
    "66": 0.47101954470404606,
    "67": 0.3808434614417811,
    "68": 0.3416179505599512,
    "69": 0.18351885960129172,
    "70": 0.490946633551744,
    "71": 0.3761044996445217,
    "72": 0.41217222016679667,
    "73": 0.36797200627854676,
    "74": 0.007571989229493514,
    "76": 0.3060988973628494,
    "77": 0.19446993584965677,
    "78": 0.27435809371658604,
    "79": 0.3322362392064936,
    "80": 0.22684529603607778,
    "81": 0.39922541391236205,
    "82": 0.3631500240456442,
    "83": 0.47265371083999985,
    "84": 0.3856168770378054,
    "85": 0.26954267045505975,
    "86": 0.4561190229599662,
    "87": 0.40540454822076294,
    "88": 0.43234572151162065,
    "89": 0.4160022382833457,
    "90": 0.2607811903947877,
    "91": 0.19131633163801845,
    "92": -0.3749276022951338,
    "93": -0.18968994814244794,
    "94": -0.16894079555966696,
    "95": 0.33463845673732634,
    "971": 0.4544038145745759,
    "972": 0.32576973125864533,
    "973": 0.5342004544701779,
    "974": 0.02608695652173913
  },
  "interpretation": "Corrélation faible",
  "disclaimer": "Analyse spatiale uniquement. Abstention 2020 biaisée par COVID-19. Aucune causalité directe."
}